epoch,train_loss,val_loss
1,0.6905825317061601,0.6873300503355285
2,0.6868255121278389,0.685276729304616
3,0.6831531779884358,0.6854231755284897
4,0.6822414051148039,0.6809004119464329
5,0.6791271954852669,0.6838471314217571
6,0.6794134478033679,0.6840415790105946
7,0.6764927367939961,0.6966218646706605
8,0.676811386026228,0.687342319754358
